SagaId,SagaName,Lambda,K,MSE
1,East Blue,0.005,7.0,0.14643148083105628
2,Alabasta,0.5,7.7,0.15116109988152904
3,Sky Island,0.135,7.8,0.04752247953064903
4,Water 7,0.055,7.65,0.16540894782998064
5,Thriller Bark,0.065,7.65,0.13325562223357618
6,Summit War,0.005,7.6,0.11196969696969698
7,Fish-Man Island,0.01,7.1,0.06344684336198425
8,Dressrosa,0.015,7.85,0.04704808027298638
9,Quatre Empereurs,0.07,7.95,0.32497442205945326
