Saga,Nom,K_predit,Lambda,Note_pred,IC_bas,IC_haut
10,Wano Country (prédit),7.822222222222221,0.09555555555555556,7.7907257314703156,7.442428197411051,8.13902326552958
